{   
	"parent": "block/dead_tube_coral",
    "display": {
        "gui": {
            "rotation": [ 20, 135, 0 ],
            "translation": [ 0, 0, 0],
            "scale":[ 0.775, 0.775, 0.775 ]
        },
        "fixed": {
            "rotation": [ 0, 90, 0 ],
            "translation": [ 0, 0, 0],
            "scale":[ 0.5, 0.5, 0.5 ]
        },
		"head": {
            "rotation": [ 0, 90, 0 ],
            "translation": [ 0, 3, 0],
            "scale":[ 1.4, 1.4, 1.4 ]
        },
		"thirdperson_righthand": {
            "rotation": [ 0, 90, 0 ],
            "translation": [ 0, 0, 0],
            "scale":[ 0.4, 0.4, 0.4 ]
        },
		"thirdperson_lefthand": {
            "rotation": [ 0, 90, 0 ],
            "translation": [ 0, 0, 0],
            "scale":[ 0.4, 0.4, 0.4 ]
        },
		"firstperson_righthand": {
            "rotation": [ 0, 90, 0 ],
            "translation": [ 0, 0, 0],
            "scale":[ 0.4, 0.4, 0.4 ]
        },
		"firstperson_lefthand": {
            "rotation": [ 0, 90, 0 ],
            "translation": [ 0, 0, 0],
            "scale":[ 0.4, 0.4, 0.4 ]
        },
		"ground": {
            "rotation": [ 0, 90, 0 ],
            "translation": [ 0, 0, 0],
            "scale":[ 0.4, 0.4, 0.4 ]
        }
    },
    "ambientocclusion": false,
    "textures": {
        "particle": "block/dead_tube_coral"
    }
}